lens_id,C390,C814,DeltaC,ratio,DeltaC_norm,delta_z_over_z_required,DeltaH0_over_H0
J1627,0.028,0.647,0.619,23.107142857142858,1.7922288493832879,0.08961144246916443,-0.08961144246916443
J0737,0.036,0.231,0.195,6.416666666666668,0.5645955179801957,0.028229775899009796,-0.028229775899009796
J0912,0.0075,0.0499,0.0424,6.653333333333333,0.12276333314030922,0.006138166657015463,-0.006138166657015463
J1630,0.072,0.894,0.8220000000000001,12.416666666666668,2.379987260408825,0.11899936302044128,-0.11899936302044128
J0252,0.0466,0.0951,0.0485,2.040772532188841,0.14042503908738202,0.007021251954369103,-0.007021251954369103
