lens,Ncenters,frac_rho_DeltaR_positive,median_rho_DeltaR,frac_rho_absDeltaR_positive,median_rho_absDeltaR
J0252,25,0.0,-0.4055944055944056,1.0,0.7202797202797203
J0903,25,0.0,-0.3916083916083916,1.0,0.14685314685314685
J0912,25,0.8,0.09090909090909093,0.0,-0.2797202797202798
J0956,25,0.04,-0.18881118881118883,0.8,0.055944055944055944
J0959,25,0.0,-0.5174825174825175,1.0,0.4545454545454546
J1430,25,0.76,0.2377622377622378,0.68,0.1188811188811189
J1630,25,1.0,0.3706293706293707,1.0,0.5664335664335665
J2341,25,0.0,-0.16783216783216784,0.56,0.055944055944055944
