N_points,A,beta,p_loglog,R2_loglog,spearman_rho_loglog,spearman_p_loglog,beta_ci_low,beta_ci_median,beta_ci_high,beta_p_le0,A_ci_low,A_ci_median,A_ci_high
96,34.165905379051296,0.3856354747761037,0.00017600517544664752,0.13970798513067142,0.3563619099294628,0.0003657668312834586,0.06746037046550576,0.384237660028536,0.5634347839037057,0.007,19.255916986244543,34.19372999213333,51.63643388442808
