N_points,A,beta,gamma,R2,beta_ci_low,beta_ci_median,beta_ci_high,beta_p_le0,gamma_ci_low,gamma_ci_median,gamma_ci_high,gamma_p_le0,perm_gamma_p,perm_R2_p
96,285.91300410814046,0.302167217466171,0.2908456987921205,0.18825552653686206,-0.0005386089351508729,0.29234299219270915,0.5574722765810187,0.0255,-0.04809272437248517,0.2866808860277281,0.5246798909464147,0.0473,0.0126,0.0204
