y,x,spearman_rho,spearman_p,linear_slope,linear_p,R2
torsion_corrected_deformation,Ratio_C814_C390,-0.07603092783505155,0.4615748527985254,-5418.914519125976,0.14849551253751028,0.022079731100422755
torsion_corrected_deformation,log_ratio,-0.07603092783505155,0.4615748527985254,-12507.394195942428,0.1469467100063514,0.022247320612250578
torsion_corrected_deformation,DeltaC,-0.07680412371134021,0.4570183208121421,-5482.745500457735,0.14664206428285712,0.022280516267756977
torsion_corrected_deformation,abs_DeltaC,0.20573792729245793,0.04432825763648121,14722.21897943075,0.000898912817457825,0.11122090233000659
