N_points,spearman_rho,spearman_p,linear_slope,linear_intercept,linear_p,linear_R2,bootstrap_slope_p_le0,bootstrap_rho_p_le0,perm_slope_p,perm_rho_p,slope_ci_low,slope_ci_median,slope_ci_high,rho_ci_low,rho_ci_median,rho_ci_high
96,0.3563619099294628,0.0003657668312834586,22.861434877196544,32.791380731577476,6.31798833182215e-08,0.26869801495495926,0.0169,0.0183,0.0114,0.0028,1.3957371183477847,22.443662608179388,32.16738008641267,0.019706070812200084,0.3500318374391709,0.6437527142934694
