beta_obs,gamma_obs,R2_obs,p_beta,p_gamma,p_R2,beta_null_median,gamma_null_median,R2_null_median
0.3021672174661711,0.29084569879212063,0.18825552653686206,0.02355,0.0334,0.0004,0.1168545566402079,0.06943290056351606,0.027520271743705027
