P_ordering,R_median,R_95,R_99,R_999,R_max
0.84139,1.0501594915211316,1.1323221900786262,1.166536389091983,1.2073503176470715,1.2619349364678722
