lens,Nbands,alpha,p_alpha,R2,monotonic,z_lens,z_source
J0252,4,2.12004986419392,0.052346074540226,0.8980479624393188,False,0.28,0.982
J0737,4,2.7225976663368305,0.0199547445783163,0.9604887026745532,True,0.322,0.581
J0912,4,2.496344531041739,0.0310471273312831,0.9388696694529588,False,0.164,0.324
J1630,4,3.9544689712774583,0.0490959774118252,0.904218460174372,False,0.248,0.793
