lens,C390,C814,DeltaC,DeltaPhi_deg,DeltaR,phase_cycles,eta_phase
J0737,0.036,0.231,0.195,-24.73588742822352,-2.180318609651888,0.068710798411732,0.3523630687781128
J0912,0.0075,0.0499,0.0424,-4.8941293824702825,-2.6481411065674543,0.013594803840195228,0.3206321660423403
J1630,0.072,0.894,0.8220000000000001,3.8186815764972835,-18.584767094804345,0.010607448823603566,0.012904438958155188
J0252,0.0466,0.0951,0.0485,-92.60269248269684,-5.4783130665358435,0.25722970134082457,5.303705182285042
J0903,0.01904,0.233942,0.214902,-148.09375288682713,0.4323976038784707,0.411371535796742,1.914228512516133
J0956,0.040809,0.057547,0.016738,-26.711446679470498,-1.0959041076799991,0.07419846299852915,4.432934818886913
J0959,0.005698,0.340043,0.334345,-34.5682170473882,-1.9857408568149992,0.09602282513163389,0.28719683300672627
J1430,0.019097,0.032403,0.013306,26.943949507281218,-0.9507799960359478,0.07484430418689227,5.624853764233599
J2341,0.009895,0.196799,0.186904,130.78619150839393,2.0409103273220524,0.3632949764122054,1.943751746416371
