N,Cblue_mean,Csat,DeltaC_sat,eta_mean,eta_median,eta_trim,B_pred_mean,B_pred_median,B_pred_trim,B_obs,ratio_mean,ratio_median,ratio_trim
9,0.028515444444444444,0.825,0.7964845555555555,2.243618947902599,1.914228512516133,2.079258903990234,1.7870078405562249,1.5246534460231842,1.6560976040295932,0.07721796276013149,23.1423852259267,19.744802783250584,21.44705124083713
