id,R,E_obs,E_err,E_RBP_pred,residual,pull,eta_lens,B_pred,ratio_to_obs
RXJ1131,0.35,1.42,0.15,1.424155321329572,-0.0041553213295721,-0.0277021421971479,0.4241553213295719,0.0742271812326751,0.9612683186586145
MG0414,1.04,1.28,0.15,1.2779630771985635,0.0020369228014363,0.0135794853429086,0.2779630771985635,0.048643538509748625,0.6299510731829853
B0712,2.7,1.14,0.15,1.1392846522853008,0.000715347714699,0.0047689847646603,0.13928465228530085,0.024374814149927655,0.31566248679267994
