lambda_min_m,lambda_max_m,B_lambda_min,B_lambda_max,deltaB_FIRAS,deltaB_over_Bcmb
0.0004996540966666666,0.009993081933333333,0.07618140873958924,0.0767,0.0005185912604107612,0.006761294138341084
