P_ordering,R_median,R_95,R_99,R_999,R_max
0.88187,1.0501590748682013,1.1179193237093208,1.1430218838752122,1.1708590497278417,1.2088475968359633
