case,Bcmb,travel_time_years,dt_pred_if_velocity_delay_years,dt_pred_if_velocity_delay_seconds,dt_obs_assumed_seconds,Xi_obs_over_velocity_prediction,log10_Xi
GRB_like_1_Gly_1s,0.0767,1000000000.0,76700000.0,2420467920000000.0,1.0,4.1314325702775685e-16,-15.38389933103421
GRB_like_5_Gly_1s,0.0767,5000000000.0,383500000.0,1.21023396e+16,1.0,8.262865140555137e-17,-16.082869335370226
GRB_like_10_Gly_1s,0.0767,10000000000.0,767000000.0,2.42046792e+16,1.0,4.1314325702775686e-17,-16.383899331034208
GRB_like_1_Gly_1ms,0.0767,1000000000.0,76700000.0,2420467920000000.0,0.001,4.1314325702775685e-19,-18.383899331034208
