P_ordering,R_median,R_95,R_99,R_999,R_max
0.50111,1.0011171702852244,2.0155897149733764,2.6828415460473227,3.71592150704064,5.800121026922
