lab_limit,delta_c_over_c_limit,Bcmb,Bcmb_over_limit,log10_excess
10^-15,1e-15,0.0767,76700000000000.0,13.884795363948982
10^-17,1e-17,0.0767,7670000000000000.0,15.884795363948982
10^-19,1e-19,0.0767,7.67e+17,17.88479536394898
