lens,Nbands,alpha,p_alpha,R2,monotonic
J0252,4,2.12004986419392,0.052346074540226044,0.8980479624393188,False
J0737,4,2.7225976663368305,0.01995474457831631,0.9604887026745532,True
J0912,4,2.496344531041739,0.03104712733128316,0.9388696694529588,False
J1630,4,3.9544689712774588,0.04909597741182524,0.904218460174372,False
