N,p_sign,p_product,obs_product_ratio
5,0.03125,0.03117,24682.027631952533
