lens,C_blue,C_red,ratio_red_blue,p_single_pair
J1627,0.027753,0.646747,23.30367888156235,0.49743
J0737,0.036421,0.23105,6.343867548941544,0.50229
J0912,0.007542,0.049915,6.618271015645718,0.49907
J1630,0.072407,0.894273,12.35064289364288,0.50184
J0252,0.046557,0.095094,2.042528513435144,0.50366
