test,N,P_ordering,R_median,R_95,R_99,R_999,R_max
radio_vlbi_cdir_null,100000,0.59567,1.0177123443867995,1.1447228921055677,1.198448361532179,1.2650223249954542,1.4223868241224122
