target,C_Band7,C_Band6plus7,ratio_B6plus7_over_B7
SDP81,0.07096,0.196354,2.767108229988726
