model,AIC,BIC,R2
sigma_plus_z_source,15.558949836018618,16.150623568027278,0.3500103480329241
local_sigma,15.891646574322362,16.286095728994802,0.1576926518529368
path_z_lens,16.35320986672143,16.747659021393865,0.11336820848428719
path_z_source,17.346780616988806,17.741229771661246,0.00987962218744498
sigma_plus_z_lens,17.356571717152168,17.948245449160826,0.2063105948830607
