band,Cdir
F390W,0.18752759
F814W,0.20228859
